{
    "mean_psnr": 27.734064865112305,
    "mean_ssim": 0.8837945320389488,
    "mean_lpips": 0.1253014480525797
}