{
    "mean_psnr": 25.046535457264294,
    "mean_ssim": 0.8457848462191495,
    "mean_lpips": 0.18306085088036278
}