{
    "rmse": 0.006842481226861839,
    "mean": 0.006234126875053368,
    "median": 0.005925607529434014,
    "std": 0.002820498439229141,
    "min": 0.002038736011276995,
    "max": 0.010992435298515504,
    "sse": 0.0007022932400993504
}