{
    "rmse": 0.005160863469520301,
    "mean": 0.00480311008241748,
    "median": 0.004383843275419921,
    "std": 0.0018880268237524232,
    "min": 0.0023216267184030383,
    "max": 0.008215930269363117,
    "sse": 0.0002663451175102912
}