{
    "rmse": 0.007632717937248319,
    "mean": 0.007072950917708231,
    "median": 0.007028829213205513,
    "std": 0.0028691023727435254,
    "min": 0.0021303387508625335,
    "max": 0.01441167975489275,
    "sse": 0.0013399428115206213
}