{
    "rmse": 0.004999433796686216,
    "mean": 0.004539991738902029,
    "median": 0.003957187977539542,
    "std": 0.002093516968679661,
    "min": 0.002224737519733329,
    "max": 0.008212613933706779,
    "sse": 0.00012497169143724175
}