{
    "rmse": 0.007482397631184092,
    "mean": 0.006827896111541998,
    "median": 0.006676682409636991,
    "std": 0.0030604099400470806,
    "min": 0.0014332919377604393,
    "max": 0.01324688405285423,
    "sse": 0.0011197254862229862
}