{
    "rmse": 0.008117496262550773,
    "mean": 0.006731718603272002,
    "median": 0.004345472569989261,
    "std": 0.004536266109796404,
    "min": 0.002102355464610822,
    "max": 0.015345414191572392,
    "sse": 0.0006589374557252576
}