{
    "rmse": 0.009406700008649231,
    "mean": 0.008412064137622265,
    "median": 0.00689088700587716,
    "std": 0.004209890972133467,
    "min": 0.0043301951975063145,
    "max": 0.021040798100686594,
    "sse": 0.0017697201010544292
}