{
    "rmse": 0.008422716203204922,
    "mean": 0.00796015342059765,
    "median": 0.008372026843520355,
    "std": 0.0027528359486678933,
    "min": 0.0041376621985390995,
    "max": 0.012328661289661582,
    "sse": 0.00035471074119865367
}