{
    "rmse": 0.009363071542302885,
    "mean": 0.00808815945179724,
    "median": 0.0074242456361485,
    "std": 0.004716861815718699,
    "min": 0.0025284169269026804,
    "max": 0.018920616645973755,
    "sse": 0.0013150066305942319
}