{
    "rmse": 0.00953272643955373,
    "mean": 0.008519702643212371,
    "median": 0.007311175807044679,
    "std": 0.004276393368553327,
    "min": 0.004492352647151624,
    "max": 0.02267993002518673,
    "sse": 0.002180948960912802
}