{
    "rmse": 0.00888938911622023,
    "mean": 0.007959676262418666,
    "median": 0.007647585459171383,
    "std": 0.003957877291814831,
    "min": 0.0028392153465194693,
    "max": 0.017543654145449703,
    "sse": 0.0011853185828936204
}