{
    "rmse": 0.007718406654651246,
    "mean": 0.0065543321544083545,
    "median": 0.005278734652425726,
    "std": 0.004076092650597307,
    "min": 0.001998207525909007,
    "max": 0.01467946634877022,
    "sse": 0.0005957380128656464
}