{
    "rmse": 0.008290893788769807,
    "mean": 0.007892666833760735,
    "median": 0.00714816989964293,
    "std": 0.0025386472909632546,
    "min": 0.005247711047221623,
    "max": 0.012671516874950215,
    "sse": 0.0003436945990833088
}