{
    "rmse": 0.009151997556844869,
    "mean": 0.00835071270683246,
    "median": 0.0073291873339517925,
    "std": 0.003744950809882732,
    "min": 0.004590708756531098,
    "max": 0.019920141557766845,
    "sse": 0.0016751811856098892
}