{
    "rmse": 0.011590500598063031,
    "mean": 0.010101315539241457,
    "median": 0.00886800513104296,
    "std": 0.005683584123629963,
    "min": 0.004202130197342362,
    "max": 0.0259246914310355,
    "sse": 0.004030191123410985
}