{
    "rmse": 0.009769248129822739,
    "mean": 0.008841756735635234,
    "median": 0.007503803005461225,
    "std": 0.004154701776288408,
    "min": 0.004809012967083446,
    "max": 0.022381513596151734,
    "sse": 0.002385955225551127
}